Designator,Val,Package,MidX,MidY,Rotation,Layer
C1,0.1uF,C_0402_1005Metric,121.960589,-90.530589,135,top
C2,0.1uF,C_0402_1005Metric,121.95,-92.73,-135,top
C3,0.1uF,C_0402_1005Metric,126.02,-99.93,-135,top
C4,0.1uF,C_0402_1005Metric,133.75,-99.4,-45,top
C5,0.1uF,C_0402_1005Metric,137.6,-92.73,-45,top
C6,0.1uF,C_0402_1005Metric,130.87,-83.8,45,top
C7,1uF,C_0402_1005Metric,126.68,-117.27,180,top
C8,0.1uF,C_0402_1005Metric,137.77,-129.42,0,top
C9,0.1uF,C_0402_1005Metric,140.68,-128.29,0,top
C10,33pF,C_0402_1005Metric,118.76,-96.518822,45,top
C11,33pF,C_0402_1005Metric,122.51,-100.298822,-135,top
C12,0.1uF,C_0402_1005Metric,122.56,-87.15,135,top
C13,0.1uF,C_0402_1005Metric,124,-96.94,-90,top
C14,4.7uF,C_0402_1005Metric,137.959411,-95.309411,135,top
C15,4.7uF,C_0402_1005Metric,133.410589,-82.539411,-135,top
C16,0.1uF,C_0402_1005Metric,122.01,-104.73,0,top
C17,0.1uF,C_0402_1005Metric,141.278,-81.098,-90,top
C18,0.1uF,C_0402_1005Metric,139.658,-80.028,-90,top
C19,1uF,C_0402_1005Metric,130.8,-112.89,0,top
C20,4.7uF,C_0402_1005Metric,133.05,-115.81,0,top
C21,4.7uF,C_0402_1005Metric,125.33,-115.38,0,top
C22,0.1uF,C_0402_1005Metric,136.719997,-107.669999,-90,top
C23,0.1uF,C_0402_1005Metric,141.669997,-104.26,90,top
C24,1uF,C_0402_1005Metric,136.709997,-104.389999,90,top
C25,1uF,C_0402_1005Metric,139.67,-99.43,0,top
C26,1uF,C_0402_1005Metric,141.08,-118.23,0,top
C27,10uF,C_0603_1608Metric,128.595,-105.41,0,top
C28,10uF,C_0603_1608Metric,124.98,-81.08,0,top
D1,Power LED,LED_0603_1608Metric,116.872499,-128.6,180,top
D2,LED,LED_0603_1608Metric,116.85,-117.13,180,top
D3,LED,LED_0603_1608Metric,116.942499,-122.76,180,top
J1,USB_C_Receptacle_USB2.0_14P,USB_C_Receptacle_HRO_TYPE-C-31-M-12,129.08,-131.4,0,top
J2,MicroSD 503398-1892,MOLEX_503398-1892,129.08,-61.65,90,top
J3,Switched,PinHeader_1x02_P2.54mm_Vertical,118.63,-66.38,-90,top
J4,Servo,PinHeader_1x03_P2.54mm_Vertical,116.89,-57.01,0,top
J5,Servo,PinHeader_1x03_P2.54mm_Vertical,141.2,-56.97,0,top
J6,Switched,PinHeader_1x02_P2.54mm_Vertical,118.645,-70.05,-90,top
J7,Switched,PinHeader_1x02_P2.54mm_Vertical,118.605,-73.73,-90,top
J9,Ignition,PinHeader_1x02_P2.54mm_Vertical,139.575,-66.38,90,top
L1,2.2uH,L_0805_2012Metric,134.359997,-106.009999,-90,top
Q1,AO3400A,SOT-23,136.5475,-73.9675,90,top
Q2,AO3400A,SOT-23,123.0375,-73.935001,90,top
Q3,AO3400A,SOT-23,127.5575,-73.99,90,top
Q4,AO3400A,SOT-23,132.0375,-73.9975,90,top
R1,5.1K,R_0402_1005Metric,127.61,-123.249999,90,top
R2,5.1K,R_0402_1005Metric,131.17,-123.199999,90,top
R3,10K,R_0402_1005Metric,117.222499,-131.58,180,top
R4,1K,R_0402_1005Metric,123.82,-100.428822,45,top
R5,10K,R_0402_1005Metric,120.45,-77.549999,-90,top
R6,10K,R_0402_1005Metric,120.48,-82.42,90,top
R7,10K,R_0402_1005Metric,116.390001,-107.07,0,top
R8,10K,R_0402_1005Metric,116.42,-106,0,top
R9,10K,R_0402_1005Metric,128.86,-70.27,-90,top
R10,10K,R_0402_1005Metric,126.48,-70.27,-90,top
R11,10K,R_0402_1005Metric,124.07,-70.92,-90,top
R12,10K,R_0402_1005Metric,121.7,-71.49,-90,top
R13,10K,R_0402_1005Metric,133.56,-70.27,-90,top
R14,10K,R_0402_1005Metric,131.2,-70.31,-90,top
R15,10K,R_0402_1005Metric,129.17,-110.64,-90,top
R16,1.5K,R_0402_1005Metric,134.6,-114.78,180,top
R17,2.2K,R_0402_1005Metric,126.11,-112,0,top
R18,10K,R_0402_1005Metric,122.860001,-114.61,180,top
R19,1.5K,R_0402_1005Metric,117.122499,-125.59,0,top
R20,1.5K,R_0402_1005Metric,116.872499,-120.04,0,top
R21,10K,R_0402_1005Metric,136.5675,-77.3975,0,top
R22,10K,R_0402_1005Metric,122.9175,-77.3375,0,top
R23,10K,R_0402_1005Metric,127.5475,-77.3575,0,top
R24,10K,R_0402_1005Metric,132.0475,-77.4075,0,top
R25,27,R_0402_1005Metric,134.83,-84.51,45,top
SW1,SW_Push,SW_Push_SPST_NO_Alps_SKRK,117.1,-77.61,0,top
SW2,SW_Push,SW_Push_SPST_NO_Alps_SKRK,117.12,-82.36,0,top
U1,STM32F405RGTx,LQFP-64_10x10mm_P0.5mm,129.76,-91.64,45,top
U2,MCP1700x-330xxTT,SOT-23,138.63,-127.06,0,top
U3,TPD2EUSB30,Texas_DRT-3,129.04,-124.835001,180,top
U4,ICM-20602,LGA-16_3x3mm_P0.5mm_LayoutBorder3x5y,120.74,-107.025,0,top
U5,BQ24072RGT,VQFN-16-1EP_3x3mm_P0.5mm_EP1.6x1.6mm,129.41,-115.5375,0,top
U6,BMP388,QFN_BMP388_BOS,139.348,-82.37,0,top
U7,TPS63000,Texas_DRC0010J_ThermalVias,139.2,-105.99,0,top
Y1,8MHz,Crystal_SMD_3225-4Pin_3.2x2.5mm,120.661142,-98.392045,135,top